Year Built,Basement Area (sqft),Living Area (sqft),Total Room,Garage Cars,Yr Sold,SalePrice,Garage,Age (years)
2004,847,1948,8,2,2006,195000,L,2
1928,1008,1143,5,1,2008,138000,S,80
2004,1488,1488,6,2,2010,260000,L,6
2009,1218,1218,4,2,2009,208300,L,0
1970,960,960,6,2,2006,129000,L,36
2004,1365,1548,7,2,2006,225000,L,2
1990,1054,1061,4,2,2009,162000,L,19
2004,1860,1836,8,2,2006,216837,L,2
2007,2320,2290,7,3,2007,500067,L,0
1967,624,1656,7,1,2008,126000,S,41
2006,1573,1625,5,2,2007,375000,L,1
2004,2000,2000,8,3,2007,305900,L,3
1957,912,1236,6,2,2010,149700,L,53
2004,2492,2492,8,3,2009,552000,L,5
1976,1193,1523,7,2,2008,180000,L,32
1955,1204,1411,7,1,2007,130000,S,52
2007,1574,1584,6,2,2007,261329,L,0
2001,1531,2439,7,2,2007,275000,L,6
2001,1491,1491,7,2,2006,209000,L,5
1930,687,1358,6,1,2007,124500,S,77
1967,1680,1724,7,2,2009,197900,L,42
1979,0,2233,11,2,2007,141000,L,28
1976,855,1456,6,2,2006,144000,L,30
1917,624,1288,5,1,2009,119000,S,92
1978,1226,1226,4,2,2006,170000,L,28
1971,864,864,5,2,2008,123000,L,37
1923,1200,1200,7,1,2006,125000,S,83
1998,1425,1425,5,2,2006,193000,L,8
1921,492,492,3,1,2006,61500,S,85
1910,840,2256,12,0,2010,76500,S,100
2007,1776,2772,10,3,2009,462000,L,2
1970,768,768,5,2,2007,129500,L,37
2005,1373,1555,7,2,2009,192500,L,4
2002,783,1509,7,2,2006,183200,L,4
1950,1032,2177,11,2,2010,215000,L,60
1955,864,864,5,2,2006,115000,L,51
1959,984,984,5,1,2008,110000,S,49
1918,1100,2264,8,1,2007,200000,S,89
2002,1712,1712,8,3,2009,286500,L,7
1963,780,1796,8,2,2008,140000,L,45
1971,825,1993,8,2,2006,190000,L,35
2009,832,1935,8,2,2009,263435,L,0
2003,1114,1114,6,2,2009,153000,L,6
1981,1740,1740,7,2,2009,241600,L,28
2002,1626,1668,7,3,2007,285000,L,5
2001,1492,1492,6,2,2009,201000,L,8
1921,731,1343,7,1,2009,154900,S,88
1924,784,784,5,0,2008,109500,S,84
1962,1099,1431,6,1,2008,165000,S,46
1960,958,958,5,1,2007,151500,S,47
1992,836,1731,7,2,2006,248500,L,14
1916,1196,1196,5,2,2007,109900,L,91
2004,1530,1530,7,3,2007,259000,L,3
1965,1024,1020,5,1,2009,124100,S,44
1952,768,1536,7,1,2008,136000,S,56
1976,1078,958,5,2,2007,128000,L,31
2007,1482,2574,10,3,2007,276000,L,0
1978,1420,2840,8,4,2008,292500,L,30
2007,1884,1728,7,2,2008,298751,L,1
1910,481,899,5,1,2008,78000,S,98
2007,1571,1571,7,3,2007,239000,L,0
1976,392,2499,5,2,2009,180500,L,33
2000,975,1848,7,2,2010,254000,L,10
1998,943,1638,7,2,2008,192000,L,10
2006,1694,1694,7,3,2007,322400,L,1
1901,592,1173,7,1,2007,113000,S,106
1988,1845,1872,6,2,2006,241500,L,18
1967,1510,1510,6,2,2010,178900,L,43
1988,1907,1959,9,3,2006,171000,L,18
2000,756,1525,5,2,2007,177000,L,7
1971,483,987,5,1,2008,89500,S,37
2005,1614,1614,7,2,2006,225000,L,1
2001,1212,1212,6,2,2009,178000,L,8
1978,855,1456,6,2,2009,138000,L,31
1957,967,1638,6,1,2006,139000,S,49
2008,1452,2713,11,3,2008,446261,L,0
1976,1281,1620,8,2,2009,150000,L,33
2003,848,848,3,2,2007,131500,L,4
1954,936,1128,5,1,2006,118000,S,52
1924,768,792,5,1,2009,109500,S,85
1999,970,1739,7,2,2009,172500,L,10
1968,732,1464,7,2,2008,141000,L,40
1967,1214,1214,5,1,2007,143000,S,40
1972,672,1218,7,1,2006,118000,S,34
2007,628,1356,6,2,2008,177439,L,1
1977,1610,1610,6,2,2010,205000,L,33
1940,800,1740,6,1,2007,219500,S,67
2009,900,1852,7,2,2009,252678,L,0
2005,1141,1141,6,2,2006,142500,L,1
1959,1041,1041,6,1,2009,124500,S,50
2005,1964,1964,7,3,2008,370000,L,3
1980,712,2237,7,2,2009,204000,L,29
1980,561,1229,5,2,2009,121000,L,29
1962,1438,2448,9,2,2006,277500,L,44
1970,1947,2207,7,2,2010,180000,L,40
2005,1595,1595,6,3,2010,221500,L,5
1995,1242,2501,9,3,2008,290000,L,13
1976,550,1475,6,1,2008,129500,S,32
1977,689,1392,6,1,2010,161750,S,33
2004,1710,1710,7,2,2009,240000,L,5
1955,0,1152,6,0,2008,82000,S,53
1935,0,1032,6,1,2006,125000,S,71
1984,1040,1097,6,2,2010,152000,L,26
1950,1168,2315,9,1,2006,257000,S,56
1915,536,1344,8,0,2008,82375,S,93
1994,712,1895,7,2,2008,194500,L,14
1968,1768,1768,8,0,2010,136500,S,42
1953,1008,1008,6,1,2007,134500,S,54
1967,949,1107,5,1,2007,127000,S,40
1900,540,1440,6,1,2006,79000,S,106
1956,928,928,4,1,2007,132000,S,51
2005,1792,1792,6,3,2006,372397,L,1
1967,1620,1620,8,2,2008,215000,L,41
1910,741,1521,8,3,2009,146500,L,99
1955,1005,1005,5,2,2009,115000,L,54
1994,702,1481,6,2,2009,174000,L,15
1977,808,1969,8,2,2007,190000,L,30
1993,630,1320,5,2,2006,137000,L,13
1968,1056,1056,6,1,2010,142000,S,42
1949,704,1728,7,1,2006,137000,S,57
1930,502,1004,5,1,2006,105000,S,76
1965,935,935,5,1,2006,137000,S,41
1925,1103,1103,5,2,2006,110500,L,81
1985,1742,1742,5,2,2006,275000,L,21
1925,728,1641,6,2,2006,178000,L,81
1914,684,1355,7,0,2007,127000,S,93
1976,1090,1370,6,2,2009,152000,L,33
1999,1698,1709,5,2,2008,328900,L,9
2004,551,1102,4,2,2007,148800,L,3
1957,0,1764,7,1,2008,100000,S,51
2004,991,1947,8,2,2010,254900,L,6
2005,1362,1362,6,2,2007,207000,L,2
1946,651,1389,6,1,2009,135000,S,63
2009,1555,1680,8,3,2009,323262,L,0
1920,600,1701,8,0,2009,94550,S,89
2009,1544,1544,7,3,2010,290941,L,1
2004,970,1709,7,2,2006,130000,L,2
1925,680,764,4,2,2008,73000,L,83
1959,1256,1256,6,1,2008,159000,S,49
1979,0,1535,8,2,2009,118858,L,30
2006,1838,1838,8,3,2009,315000,L,3
2002,972,1811,7,2,2009,235000,L,7
1965,1073,1073,6,2,2007,156000,L,42
2006,2153,2643,9,3,2007,380000,L,1
1998,1049,1916,8,3,2010,254900,L,12
2000,756,1573,4,2,2007,177000,L,7
1993,796,1362,5,2,2009,143000,L,16
2005,1868,1868,7,3,2006,415000,L,1
1971,864,864,5,2,2007,120500,L,36
1955,1763,1779,6,2,2006,170000,L,51
1958,1008,1053,6,2,2006,150000,L,48
1941,672,672,4,1,2009,113000,S,68
1976,684,1398,6,2,2008,160500,L,32
1950,795,1133,5,2,2009,128500,L,59
2005,600,1236,4,2,2010,152000,L,5
1992,1280,1280,5,2,2010,191500,L,18
1910,560,1690,5,2,2009,156500,L,99
1900,917,2007,8,1,2009,160000,S,109
1957,1105,1105,5,1,2009,135000,S,52
1993,1344,1440,8,4,2006,224500,L,13
2007,2630,2674,8,3,2009,610000,L,2
1972,483,987,5,1,2008,100500,S,36
1967,892,892,5,1,2009,100000,S,42
1978,888,912,5,2,2007,156000,L,29
2006,1085,1970,8,3,2006,281000,L,0
2004,840,1720,7,2,2007,183500,L,3
1967,1052,1052,6,1,2009,113500,S,42
2002,1368,1511,5,2,2006,246990,L,4
1951,884,884,4,1,2006,142000,S,55
2003,856,1710,8,2,2008,208500,L,5
2005,784,1596,6,2,2006,181000,L,1
1947,0,660,5,0,2009,63900,S,62
1966,1040,1040,6,1,2007,123000,S,41
1976,1041,1125,6,1,2009,125000,S,33
2003,998,2046,8,3,2008,284000,L,5
1968,1008,1008,6,1,2009,139500,S,41
1923,949,1292,6,1,2008,108000,S,85
1997,1288,1368,8,4,2006,215000,L,9
1971,372,1109,5,1,2007,139000,S,36
1953,773,773,4,1,2008,110000,S,55
1912,780,1716,9,0,2008,135900,S,96
1988,1204,2183,9,3,2006,229000,L,18
2000,959,1671,7,2,2006,173000,L,6
1963,520,1464,6,2,2009,175000,L,46
2003,2200,2200,8,3,2009,382500,L,6
1960,1478,1478,6,2,2009,157500,L,49
1973,765,1365,7,2,2006,125500,L,33
1970,864,864,5,1,2006,116050,S,36
1977,1330,2872,11,2,2008,272000,L,31
1997,964,2236,8,2,2006,222000,L,9
1918,686,1250,7,1,2006,116000,S,88
1958,1560,1560,8,2,2007,128600,L,49
1953,105,910,5,2,2008,116000,L,55
1941,720,1382,7,2,2007,128500,L,66
1962,931,1283,6,2,2008,140000,L,46
2006,1498,1498,5,2,2006,204900,L,0
1976,1029,1117,6,2,2010,107000,L,34
2006,1670,1670,7,3,2006,240000,L,0
2005,866,1768,7,2,2008,226700,L,3
2005,728,1456,8,2,2009,184000,L,4
1942,835,1453,7,1,2010,132000,S,68
1958,585,2279,7,2,2007,257000,L,49
1919,793,1517,7,0,2007,115000,S,88
1977,1420,1483,4,2,2010,270000,L,33
1954,833,833,4,1,2006,117000,S,52
1971,768,868,6,2,2007,119900,L,36
1980,630,1266,5,1,2007,128000,S,27
1993,1181,1190,6,2,2009,166000,L,16
1879,819,2454,8,2,2007,185000,L,128
1977,1160,2022,8,2,2008,192000,L,31
1996,1291,1291,6,2,2008,173000,L,12
1976,1444,1444,5,2,2008,159900,L,32
1976,1728,1728,8,2,2006,150900,L,30
2006,770,1576,6,2,2006,197000,L,0
2006,1738,2589,11,3,2006,412083,L,0
1990,1332,1332,5,2,2009,145000,L,19
1995,1237,1253,6,2,2007,176000,L,12
1949,0,720,4,1,2008,72500,S,59
2005,547,1072,5,2,2009,145500,L,4
1960,1329,1329,5,2,2009,176000,L,49
1978,1097,1110,4,2,2009,165500,L,31
1955,784,784,4,0,2008,91900,S,53
1961,1453,1453,6,2,2009,187500,L,48
1980,1043,2673,9,2,2009,249000,L,29
1961,1800,1800,10,0,2008,130000,S,47
2007,2108,2122,7,3,2007,345474,L,0
1999,978,1983,9,2,2009,225000,L,10
1957,1477,1839,7,2,2007,257500,L,50
1949,672,924,6,2,2007,122900,L,58
1962,999,999,6,1,2007,132500,S,45
1966,1228,1228,6,1,2008,149350,S,42
2005,1616,1616,7,3,2006,232000,L,1
1947,1004,1664,7,2,2006,159000,L,59
2004,1136,2468,10,3,2007,354000,L,3
1948,780,1416,6,1,2010,139900,S,62
1925,641,641,4,1,2006,85000,S,81
1992,828,883,5,2,2009,149000,L,17
2008,1614,1658,7,3,2009,257500,L,1
2007,920,1780,6,2,2008,264966,L,1
2008,1600,1652,5,2,2008,392500,L,0
1982,845,845,4,2,2007,129500,L,25
1976,1090,1178,6,2,2007,135000,L,31
1984,864,889,6,2,2008,137500,L,24
1998,1649,1661,6,2,2010,224900,L,12
2001,1479,2649,10,3,2008,421250,L,7
2005,745,1490,7,2,2009,167800,L,4
1932,854,1991,7,2,2007,220000,L,75
2005,547,1072,5,2,2008,148000,L,3
1998,1982,2006,5,3,2008,350000,L,10
1987,1433,1433,4,2,2010,270000,L,23
1995,773,1658,8,2,2008,188000,L,13
2003,912,2094,8,2,2009,263000,L,6
1948,649,1183,6,1,2007,120000,S,59
1900,859,1178,7,1,2010,102776,S,110
1980,650,1564,7,2,2010,171000,L,30
2003,0,1922,7,2,2009,198500,L,6
1976,1958,2048,9,2,2010,170000,L,34
1900,405,1039,6,1,2009,114000,S,109
2001,2633,2633,8,3,2007,466500,L,6
1964,1246,1246,6,2,2006,172000,L,42
2010,1642,1418,6,3,2010,267916,L,0
2004,384,1374,7,2,2009,167000,L,5
1929,926,1316,6,2,2010,130000,L,81
1989,868,2559,9,2,2006,209000,L,17
1997,802,1511,8,2,2006,185000,L,9
1978,864,1174,5,2,2008,158000,L,30
1958,1276,1276,5,1,2009,60000,S,51
1949,782,1556,6,2,2010,172500,L,61
1978,941,941,4,2,2009,145000,L,31
1973,672,1218,7,1,2007,113700,S,34
1971,864,874,5,1,2010,130000,S,39
1910,0,810,4,1,2009,57625,S,99
1959,1592,1652,6,2,2007,200000,L,48
2002,1778,1786,6,3,2008,300000,L,6
1999,953,1647,7,2,2007,175000,L,8
1986,1074,1088,5,2,2007,170000,L,21
1969,663,1352,7,1,2010,158000,S,41
1977,0,1734,8,2,2009,126000,L,32
1980,516,1045,5,2,2007,123900,L,27
1978,1040,1040,5,0,2009,124000,S,31
1962,1776,1560,6,2,2006,182000,L,44
2005,1310,1310,6,2,2006,164990,L,1
1964,0,1224,8,3,2007,103000,L,43
2005,1530,1530,7,2,2009,260000,L,4
1980,923,923,5,1,2010,143000,S,30
1959,1626,1712,8,2,2006,145000,L,47
1959,1206,1206,6,1,2010,108538,S,51
1990,1188,1217,6,2,2009,173000,L,19
1987,1645,1479,7,2,2009,213500,L,22
1962,1040,1040,6,1,2010,127000,S,48
2006,1035,2322,8,3,2006,287602,L,0
1967,1584,1584,8,3,2009,124000,L,42
1910,1020,1928,9,1,2006,137000,S,96
1963,925,925,5,2,2006,133500,L,43
1978,1664,1664,10,2,2006,145000,L,28
2009,1590,2334,10,3,2010,376162,L,1
1998,1418,1478,5,2,2009,240000,L,11
2007,1734,1734,7,3,2007,318000,L,0
1967,710,2978,11,2,2010,242000,L,43
1961,864,864,5,2,2009,141000,L,48
1962,896,936,6,1,2007,130000,S,45
1978,1542,2073,7,2,2010,210000,L,32
1984,744,752,4,1,2010,125000,S,26
1939,793,1118,5,2,2006,119900,L,67
1940,672,672,4,1,2008,86900,S,68
1997,1418,1418,5,2,2008,226001,L,11
1910,1077,1760,7,2,2006,80000,L,96
1941,1528,2133,8,1,2010,257500,S,69
1918,816,1416,7,2,2007,112000,L,89
1992,1390,2225,7,3,2010,285000,L,18
1940,901,1717,7,1,2006,194000,S,66
2002,826,1762,6,2,2006,222000,L,4
1957,936,936,4,1,2007,141000,S,50
1966,1209,1209,6,2,2010,159000,L,44
2006,1241,1241,4,2,2007,199900,L,1
1964,980,1020,5,2,2007,165000,L,43
2006,1626,1634,7,3,2007,250000,L,1
1885,641,1047,6,1,2007,100000,S,122
2008,1336,1346,6,3,2010,220000,L,2
1973,942,2521,10,2,2006,151400,L,33
1925,1054,1078,6,1,2009,125000,S,84
1939,739,1342,7,1,2008,105000,S,69
1921,1228,1424,7,1,2008,168000,S,87
1959,1501,1801,6,2,2010,289000,L,51
1937,907,1131,7,2,2007,89471,L,70
1997,1189,1189,4,2,2008,160500,L,11
2009,1218,1218,4,2,2010,204500,L,1
2003,783,1509,8,2,2006,180000,L,3
1931,544,774,6,0,2007,79000,S,76
1930,0,1092,7,0,2010,55000,S,80
1977,1196,1279,6,2,2008,171500,L,31
1967,864,900,6,1,2006,123000,S,39
1936,830,879,4,1,2006,80000,S,70
1992,908,1915,8,2,2006,220000,L,14
1910,1117,1347,5,0,2008,107500,S,98
2005,1704,2758,9,3,2007,418000,L,2
1968,890,890,5,1,2008,115000,S,40
1958,1080,1080,5,1,2008,136000,S,50
1959,1466,1466,6,2,2006,149900,L,47
1991,384,1472,7,2,2007,160000,L,16
1910,616,1273,5,1,2006,121000,S,96
1961,0,925,7,1,2007,99000,S,46
1935,1836,3672,7,2,2006,415000,L,71
1965,925,925,5,1,2009,117500,S,44
1976,796,1574,6,2,2006,190000,L,30
1979,0,1535,8,2,2009,118964,L,30
1895,736,1534,6,0,2007,148000,S,112
1993,1848,2786,10,2,2008,372500,L,15
1940,996,996,6,0,2008,108000,S,68
1998,1204,1204,5,2,2009,162000,L,11
2004,1114,1114,6,0,2009,142000,S,5
1940,420,708,5,0,2009,82500,S,69
1994,2444,4316,10,3,2007,755000,L,13
1953,1152,1152,6,2,2008,137500,L,55
1924,596,1430,7,2,2006,107000,L,82
1967,0,2650,10,0,2010,160000,S,43
1926,756,1281,6,2,2007,132500,L,81
1967,1013,2126,7,2,2009,185000,L,42
1961,1150,1150,6,1,2006,146000,S,45
2006,1670,1670,6,3,2006,336820,L,0
1958,1312,1312,6,2,2008,186000,L,50
1963,960,960,6,1,2008,144900,S,45
1922,1007,1077,6,1,2006,91000,S,84
2005,1308,1876,7,3,2006,229800,L,1
2003,847,1928,8,2,2007,219500,L,4
1969,784,1632,7,2,2009,173000,L,40
1995,384,1474,7,2,2009,168500,L,14
2003,1480,1480,7,2,2010,214000,L,7
1941,676,1131,5,1,2009,66500,S,68
1930,297,1654,7,1,2009,137000,S,79
2002,952,1812,7,2,2008,205000,L,6
1922,816,816,5,1,2007,75200,S,85
1935,728,3447,11,3,2008,381000,L,73
1935,1127,2108,7,2,2008,235000,L,73
1954,1296,1640,7,2,2008,224000,L,54
1966,660,1348,6,2,2006,155000,L,40
2002,1431,1444,6,2,2009,203000,L,7
1955,1098,1098,6,1,2008,135000,S,53
2005,1316,1316,6,2,2006,169990,L,1
1961,864,1144,6,1,2009,131400,S,48
1959,1143,1143,6,1,2010,136000,S,51
1990,700,2243,8,3,2007,225000,L,17
1970,546,1092,5,0,2010,76000,S,40
1993,1199,1199,5,2,2008,153900,L,15
2000,1494,1652,6,2,2007,251000,L,7
2008,1702,1702,7,3,2008,367294,L,0
1922,993,1048,5,1,2006,113000,S,84
1926,600,747,5,2,2006,79900,L,80
1890,718,2554,8,2,2007,159500,L,117
1993,1231,2349,9,3,2010,362500,L,17
1942,728,1644,7,1,2007,146500,S,65
1958,1584,1776,9,3,2009,110000,L,51
2005,1158,2376,9,3,2006,325300,L,1
2003,1406,1589,7,3,2007,226500,L,4
1963,1117,1117,6,1,2008,136870,S,45
1937,698,1176,4,2,2009,134900,L,72
1946,560,704,4,1,2009,88750,S,63
1948,912,1458,6,1,2010,97500,S,62
2007,2078,2084,7,3,2008,385000,L,1
1950,1067,1067,4,2,2010,128000,L,60
1955,923,925,5,1,2007,116900,S,52
1958,808,808,5,1,2007,112000,S,49
2004,707,1414,6,2,2006,178000,L,2
2003,3206,1629,7,3,2009,284000,L,6
1964,912,934,4,1,2006,132000,S,42
1965,1728,1728,10,2,2008,145000,L,43
1976,1040,1060,6,2,2007,129900,L,31
2000,1525,1525,6,2,2006,235000,L,6
2006,1623,1636,8,3,2007,255000,L,1
1983,840,884,5,2,2007,144000,L,24
1998,384,1382,7,2,2009,177500,L,11
1939,856,856,4,2,2010,126000,L,71
2003,1765,2690,9,3,2008,370000,L,5
1912,795,2230,10,1,2006,118500,S,94
2004,384,1374,8,2,2007,175000,L,3
2002,860,1960,8,2,2010,216500,L,8
1971,782,810,4,2,2006,130000,L,35
1950,572,1337,7,1,2008,141500,S,58
1976,1055,1055,4,1,2006,137500,S,30
2006,1302,1830,7,3,2007,221300,L,1
1941,1152,2340,9,1,2010,266500,S,69
1990,1216,2514,8,2,2006,250000,L,16
2007,1682,2332,9,3,2008,426000,L,1
1973,462,988,4,1,2008,94900,S,35
1984,1208,1621,8,2,2006,202500,L,22
1994,1494,1494,5,2,2007,279700,L,13
1954,381,992,6,1,2010,155891,S,56
1958,588,1095,6,1,2006,140000,S,48
1918,600,1228,6,1,2009,137000,S,91
2006,1094,2473,11,3,2006,356383,L,0
1966,756,1839,7,2,2010,155000,L,44
1999,1393,2599,10,3,2010,333168,L,11
1977,1967,1967,10,2,2006,156500,L,29
1951,876,876,5,2,2008,94000,L,57
1970,1652,1652,8,3,2006,146500,L,36
1928,784,784,5,2,2009,76000,L,81
1900,709,1844,9,1,2010,80400,S,110
1997,864,1771,6,2,2008,215700,L,11
2002,1777,1795,7,2,2008,230000,L,6
1999,1152,2270,9,3,2010,290000,L,11
2006,1612,1612,6,2,2007,319900,L,1
2000,915,1690,7,2,2007,187000,L,7
1984,1049,1049,5,1,2009,139500,S,25
1990,1424,1442,5,2,2009,180500,L,19
1930,1078,1573,8,2,2008,162900,L,78
2006,1476,1484,6,2,2007,265900,L,1
1957,0,845,5,1,2009,84000,S,52
1890,684,1080,5,0,2008,95000,S,118
2006,738,1491,7,2,2007,168675,L,1
2008,2271,2276,7,3,2008,475000,L,0
2003,912,2014,9,2,2009,170000,L,6
1973,526,988,5,1,2008,105000,S,35
1963,925,999,6,1,2007,130000,S,44
2005,1392,2462,9,2,2006,320000,L,1
1997,926,1604,7,2,2008,181000,L,11
2009,846,1692,6,2,2009,224500,L,0
1910,658,1184,8,0,2006,81000,S,96
1958,951,951,6,2,2009,143500,L,51
1977,957,1287,5,2,2009,173000,L,32
1962,0,1224,6,2,2007,101800,L,45
1984,1003,1003,6,2,2006,142500,L,22
1962,894,894,5,1,2009,109500,S,47
1958,1329,1329,6,1,2010,172000,S,52
1979,914,914,5,2,2009,134900,L,30
1965,1088,1324,6,2,2006,160000,L,41
2008,1726,1726,6,2,2009,222000,L,1
1907,707,1884,7,0,2010,93369,S,103
2007,1266,1266,6,2,2007,185485,L,0
1921,1073,1073,4,1,2006,108480,S,85
1958,1184,1414,6,2,2008,176500,L,50
2006,1489,1500,7,2,2007,212999,L,1
2005,704,1422,7,2,2009,173000,L,4
1993,946,1802,8,4,2010,218000,L,17
2007,1800,1800,7,2,2009,239000,L,2
2002,936,1776,7,2,2006,192500,L,4
1994,1022,1022,6,2,2007,139500,L,13
1941,918,1646,7,1,2007,164000,S,66
2007,896,1792,8,2,2007,255000,L,0
1900,712,1428,7,2,2006,139900,L,106
1915,840,1680,8,1,2008,177000,S,93
1969,1851,1851,8,2,2006,192100,L,37
1964,1200,1200,6,3,2008,173000,L,44
1940,981,1672,6,1,2008,164900,S,68
1963,1052,1052,6,1,2007,127000,S,44
1966,1232,1232,6,2,2010,142250,L,44
1948,1559,1559,5,2,2007,153500,L,59
2008,796,1612,6,3,2008,218689,L,0
1958,960,960,5,2,2006,125000,L,48
2006,1709,1717,7,3,2009,255500,L,3
2005,1541,1541,7,2,2010,220000,L,5
1986,791,2093,7,2,2008,215000,L,22
1957,1484,1600,6,1,2006,207500,S,49
2005,1414,2331,9,3,2008,379000,L,3
1946,0,930,6,1,2010,84900,S,64
1974,1522,2614,9,2,2008,240000,L,34
1994,2062,2687,9,2,2006,270000,L,12
1962,912,912,6,1,2009,123000,S,47
1971,1258,1258,5,2,2008,145000,L,37
2003,847,1986,9,2,2008,213000,L,5
1978,1152,1152,6,1,2009,159900,S,31
1964,1420,1452,6,2,2007,158450,L,43
1904,650,1539,8,2,2008,157500,L,104
1951,1342,1342,7,1,2007,125000,S,56
2006,728,1456,8,2,2007,155835,L,1
1998,1028,2452,9,2,2007,267000,L,9
1941,693,693,4,0,2006,52500,S,65
1998,853,1753,7,2,2007,217000,L,9
2000,756,1512,4,2,2009,180000,L,9
1992,1575,1575,5,2,2007,179200,L,15
1968,912,1152,7,2,2007,143450,L,39
1918,816,838,5,1,2008,130000,S,90
2006,1145,1145,6,2,2010,160000,L,4
1993,740,1775,7,2,2009,213000,L,16
1969,864,1479,8,1,2010,161000,S,41
2008,1734,2822,12,3,2009,582933,L,1
1950,709,1203,5,1,2009,110000,S,59
1978,995,1282,6,3,2006,174000,L,28
2006,1422,1432,7,2,2009,245000,L,3
1920,671,2654,11,2,2007,158000,L,87
1962,1595,2486,8,2,2006,220000,L,44
2006,1095,1939,8,3,2006,266000,L,0
1900,938,1951,9,2,2006,111500,L,106
1924,784,1221,7,1,2006,104900,S,82
1920,672,1344,6,1,2009,147000,S,89
1999,938,2299,7,2,2007,204000,L,8
1966,800,1632,7,2,2008,173000,L,42
2004,600,1200,4,2,2010,155000,L,6
1967,864,899,5,1,2009,130000,S,42
1999,729,1458,5,2,2007,176000,L,8
1961,864,1187,6,2,2007,140500,L,46
1956,1134,1229,6,1,2009,135000,S,53
1922,700,1180,5,1,2006,137500,S,84
1953,984,950,5,2,2008,130000,L,55
1954,941,1470,7,1,2008,135000,S,54
1973,546,1092,6,1,2010,83500,S,37
2005,1145,1145,5,2,2009,160200,L,4
1975,1533,1533,5,2,2006,280000,L,31
1957,1478,1478,6,2,2009,156500,L,52
1931,952,1774,8,2,2008,129900,L,77
1996,1264,2344,7,3,2009,265000,L,13
1905,572,1540,7,0,2008,129400,S,103
2002,1654,1654,6,3,2006,230000,L,4
1939,780,1412,6,1,2009,132500,S,70
1993,1286,2799,8,3,2006,315000,L,13
1921,612,2601,8,2,2008,189000,L,87
1977,1122,1934,6,2,2009,185000,L,32
1954,0,1383,6,2,2009,122000,L,55
2001,845,1690,7,2,2007,190550,L,6
1958,1121,1336,7,2,2006,162000,L,48
1967,0,1296,6,2,2006,90000,L,39
2001,944,1840,6,2,2009,230000,L,8
2005,1700,2212,9,3,2006,309000,L,1
2008,1739,1743,8,3,2009,335000,L,1
2003,1008,2283,9,3,2009,270000,L,6
1942,771,1494,7,1,2009,177500,S,67
1993,1594,1594,6,2,2007,188500,L,14
1959,1252,1252,7,2,2008,142000,L,49
1970,864,864,5,2,2009,76500,L,39
1958,1151,1955,7,1,2008,165500,S,50
2003,530,1080,4,2,2010,147110,L,7
2004,2208,2522,8,2,2009,375000,L,5
1956,1073,1811,6,2,2006,230000,L,50
2007,1528,1528,6,2,2007,235876,L,0
1994,1290,2494,9,3,2006,321000,L,12
1954,1086,1086,6,2,2010,144900,L,56
1941,720,1298,6,1,2009,122000,S,68
2003,1760,1760,8,2,2009,269500,L,6
1922,683,904,4,0,2009,61000,S,87
2001,1753,1787,7,3,2006,275000,L,5
1979,539,1725,6,2,2007,197000,L,28
1948,816,1224,5,1,2010,132000,S,62
1941,616,1111,5,1,2008,95000,S,67
1941,672,924,5,1,2010,80000,S,69
2007,2418,2464,9,3,2008,417500,L,1
1954,954,1482,6,2,2006,125000,L,52
1972,780,780,4,1,2008,124900,S,36
1880,1240,2640,8,4,2009,265979,L,129
1968,1560,1560,8,3,2007,126000,L,39
1939,884,884,5,1,2007,113000,S,68
2007,874,1761,7,2,2007,227875,L,0
2005,1822,1822,8,3,2010,259000,L,5
1970,546,1092,5,0,2007,93900,S,37
1967,1073,1073,6,1,2008,120000,S,41
2004,1158,2443,9,3,2007,265000,L,3
1910,771,1484,6,1,2007,50000,S,97
2004,1420,1914,9,3,2006,279000,L,2
1955,1156,1520,7,1,2010,153000,S,55
1967,1040,1040,6,2,2009,163000,L,42
1954,1056,1063,6,1,2010,128000,S,56
2006,1489,1489,7,2,2006,232600,L,0
1986,1256,1256,6,2,2008,180000,L,22
2005,1132,1132,5,2,2008,176000,L,3
1954,1172,1172,5,1,2010,128000,S,56
2007,1218,1218,6,2,2008,230348,L,1
2003,1362,2082,6,2,2008,200000,L,5
1984,1038,1038,5,1,2007,130000,S,23
1984,864,887,5,1,2007,124500,S,23
1978,1271,1601,7,2,2009,157000,L,31
1965,1187,1565,7,1,2006,185900,S,41
1940,0,612,4,1,2009,45000,S,69
1941,735,1218,6,2,2007,131000,L,66
1945,0,729,5,0,2006,51689,S,61
1995,1342,2726,9,3,2006,350000,L,11
1953,936,936,4,2,2009,93000,L,56
1974,864,894,5,2,2007,131000,L,33
1961,864,864,5,1,2008,135000,S,47
1962,1025,1025,6,0,2006,124000,S,44
2003,847,1733,7,2,2007,225000,L,4
1980,2014,2014,6,3,2009,275000,L,29
1993,903,1642,7,2,2007,168000,L,14
1958,1170,1170,6,1,2007,140000,S,49
2009,1365,2690,8,3,2009,398800,L,0
1929,672,1344,6,2,2007,140000,L,78
1915,1048,1768,8,2,2009,155000,L,94
1962,1319,1537,7,2,2008,174000,L,46
2005,1326,1326,6,2,2007,203000,L,2
1953,1094,1094,5,2,2008,155000,L,55
1947,698,698,4,0,2009,118000,S,62
1978,2048,2064,7,2,2008,235000,L,30
1930,713,713,5,1,2006,99800,S,76
2005,1306,1306,5,2,2009,196000,L,4
1976,1680,1680,8,2,2007,136905,L,31
1946,979,1958,8,2,2007,145000,L,61
1915,686,1652,7,1,2010,139000,S,95
1965,894,894,5,1,2010,138500,S,45
2007,1266,1266,6,2,2008,159895,L,1
1999,672,1404,5,2,2008,170000,L,9
1967,1372,1342,7,2,2009,161500,L,42
2005,1844,1844,7,2,2009,257000,L,4
1961,1800,1800,10,0,2007,141000,S,46
1910,676,1436,6,2,2006,98000,L,96
1993,1079,1879,8,2,2009,239900,L,16
1983,1496,2132,5,2,2009,316600,L,26
1914,864,864,5,0,2008,67000,S,94
1968,832,1978,9,2,2008,176000,L,40
1959,988,988,6,1,2009,149500,S,50
1923,1296,2592,12,0,2007,150000,S,84
1953,0,1210,7,1,2009,102900,S,56
1910,356,1049,5,1,2008,80900,S,98
2003,848,848,4,2,2009,140000,L,6
1920,290,438,3,1,2009,60000,S,89
1961,1313,1773,6,2,2006,183000,L,45
2000,1168,2787,8,4,2009,269500,L,9
1920,698,1128,6,2,2010,68400,L,90
1955,384,1360,6,2,2007,130000,L,52
1926,960,986,5,1,2007,102000,S,81
1911,940,1964,7,0,2008,130000,S,97
2004,1462,2224,10,3,2009,350000,L,5
1927,851,1718,8,2,2007,238000,L,80
2007,813,1665,7,2,2008,205950,L,1
1950,0,1040,6,2,2009,92900,L,59
1934,715,1660,6,1,2008,188700,S,74
1980,1235,1235,4,2,2006,214000,L,26
1935,666,3086,9,3,2007,301600,L,72
1967,992,992,6,1,2008,145000,S,41
1958,874,1524,7,1,2007,144000,S,49
1948,699,1527,6,2,2009,152500,L,61
1996,1065,2049,9,2,2006,210900,L,10
1975,836,836,4,1,2010,120000,S,35
1964,845,2154,8,2,2007,224500,L,43
1977,1949,1949,10,2,2006,157000,L,29
2004,770,1582,6,2,2008,185900,L,4
1900,570,1141,6,1,2007,85000,S,107
1936,264,800,4,0,2009,60000,S,73
2002,817,1894,8,2,2010,214900,L,8
2004,1594,1646,5,2,2010,246000,L,6
1908,907,2358,10,2,2008,240000,L,100
1994,990,990,5,1,2007,126000,S,13
2008,1468,1468,6,3,2009,244600,L,1
2005,1362,1506,6,2,2006,213490,L,1
2007,1566,1600,7,3,2009,256300,L,2
2000,1381,1403,5,2,2006,202000,L,6
1997,928,1764,7,2,2009,231500,L,12
1969,784,1968,7,2,2008,172000,L,39
1980,728,788,3,2,2010,155000,L,30
1994,990,990,5,2,2009,138000,L,15
1920,662,1324,6,1,2010,122000,S,90
1978,855,1456,7,2,2010,146000,L,32
1967,936,936,4,1,2007,118500,S,40
1963,725,1651,6,1,2007,172000,S,44
1915,880,1308,6,2,2008,120000,L,93
1998,932,1633,7,2,2008,183000,L,10
2007,1314,1314,6,2,2009,230000,L,2
1929,1022,1671,7,2,2006,218000,L,77
1976,1015,1025,6,2,2007,153500,L,31
1995,1220,2090,8,2,2007,240000,L,12
1965,2136,2036,8,2,2009,375000,L,44
1978,450,1034,6,2,2008,153000,L,30
1961,1218,1254,6,2,2007,158500,L,46
1939,676,1352,7,2,2009,149000,L,70
1992,1334,2826,9,3,2006,334000,L,14
1995,1494,1494,6,2,2006,270000,L,11
1915,698,1403,7,1,2009,116000,S,94
1991,1454,1478,6,2,2007,210000,L,16
1997,1173,2199,9,2,2008,284500,L,11
1954,936,984,4,1,2008,112500,S,54
2001,1541,1541,6,3,2006,205000,L,5
1968,833,898,6,1,2006,140000,S,38
1983,816,816,4,1,2008,128500,S,25
1996,1720,1720,7,2,2010,260400,L,14
1954,1050,1050,6,1,2006,156000,S,52
1925,780,1208,5,2,2009,103000,L,84
1977,1602,1602,8,2,2009,215000,L,32
1977,1040,1040,5,2,2007,134900,L,30
2005,2458,2490,9,3,2009,468000,L,4
1970,630,630,3,0,2007,84500,S,37
1926,686,1461,6,1,2007,135000,S,81
1973,483,987,5,1,2009,111000,S,36
2007,1372,1372,6,2,2008,250580,L,1
1952,960,1960,10,2,2009,124500,L,57
1952,910,1385,6,2,2010,166000,L,58
1900,676,1445,6,2,2010,138500,L,110
1923,1100,1902,7,2,2008,123500,L,85
1988,1004,1020,4,2,2007,200000,L,19
2001,1299,1872,7,2,2009,261500,L,8
2007,1542,1542,6,3,2007,260261,L,0
1972,725,1479,7,2,2007,184000,L,35
1994,928,1721,7,2,2007,201000,L,13
2003,1434,2149,6,2,2009,239686,L,6
1926,750,1316,7,2,2007,90000,L,81
1999,975,2291,8,2,2006,230000,L,7
1972,385,875,5,2,2007,117000,L,35
1977,264,1304,5,1,2006,104500,S,29
1968,570,1920,8,2,2006,170000,L,38
1977,908,2288,8,2,2009,230000,L,32
1973,672,1218,7,1,2007,113000,S,34
2003,2452,2452,10,3,2009,445000,L,6
2008,1566,1566,7,2,2010,262500,L,2
1961,1313,1313,6,2,2009,153000,L,48
1941,480,540,4,1,2010,82000,S,69
1940,720,1215,6,2,2007,141000,L,67
1940,1580,1518,5,0,2008,260000,S,68
1965,864,864,5,1,2009,62383,S,44
1969,1188,1404,7,2,2009,160000,L,40
1948,780,1323,6,2,2008,122600,L,60
1954,864,948,5,1,2007,111000,S,53
1923,1065,1635,6,2,2007,210000,L,84
2000,1107,2052,7,3,2009,251000,L,9
1968,1388,1388,6,2,2006,158900,L,38
1971,1010,1052,6,2,2010,155000,L,39
1950,932,932,4,1,2007,124000,S,57
1914,864,864,5,1,2010,58500,S,96
1975,1057,1055,4,2,2009,123000,L,34
1964,1152,1152,6,2,2010,180500,L,46
1996,870,965,4,2,2010,159000,L,14
1926,1290,1422,6,1,2007,136500,S,81
1959,1248,1440,7,1,2008,185000,S,49
2006,939,1797,8,2,2007,213500,L,1
2007,1638,1646,7,3,2008,293077,L,1
2000,982,1800,7,2,2009,179000,L,9
1964,1092,1092,6,2,2008,145000,L,44
1996,1379,2398,8,3,2007,315750,L,11
1926,818,1224,5,1,2009,115000,S,83
1996,1840,2032,7,3,2008,300000,L,12
1960,894,894,5,1,2007,117600,S,47
2005,756,1553,6,2,2006,186500,L,1
1966,1092,1092,6,1,2008,123000,S,42
1998,1470,2630,8,3,2008,315000,L,10
1960,1269,1269,6,1,2008,155000,S,48
1967,932,2640,8,2,2009,256900,L,42
1952,0,1488,7,2,2006,135000,L,54
1954,1050,1795,7,1,2008,131500,S,54
2009,2330,2364,11,3,2010,611657,L,1
1968,1295,1295,6,2,2007,164000,L,39
1972,732,1790,8,2,2006,165150,L,34
2005,1175,2324,11,3,2006,345000,L,1
2006,1598,1606,6,3,2009,255900,L,3
1976,1127,1127,6,2,2008,135000,L,32
1984,1105,1822,7,2,2007,228500,L,23
1950,910,1558,6,1,2007,152000,S,57
2005,1552,1552,7,3,2006,212900,L,1
1964,1302,1128,6,2,2007,154204,L,43
1900,797,1627,10,2,2008,139500,L,108
2006,1143,1143,5,0,2007,147000,S,1
1920,611,1362,6,2,2008,128000,L,88
1992,836,1737,7,2,2008,175000,L,16
2006,1588,1588,7,3,2007,227000,L,1
2006,1286,1294,6,2,2006,193879,L,0
1972,630,1302,6,1,2008,111750,S,36
1975,1390,1701,6,2,2007,171000,L,32
1930,960,1920,10,2,2008,161900,L,78
1996,1260,1288,4,2,2008,245500,L,12
1977,855,1456,6,2,2009,137900,L,32
1949,1067,1523,7,1,2009,158000,S,60
1972,864,864,5,1,2006,119900,S,34
1949,448,1588,6,0,2008,65000,S,59
1997,1396,2392,7,3,2006,348000,L,9
2007,1934,2656,8,3,2007,492000,L,0
1920,755,1510,6,1,2006,149000,S,86
2007,1386,1569,7,3,2009,175900,L,2
1954,1062,1062,6,1,2009,131000,S,55
1977,0,1654,10,2,2006,119500,L,29
1984,1153,1177,6,2,2007,151500,L,23
1959,876,876,5,1,2009,85000,S,50
1957,1073,1073,6,2,2007,140000,L,50
1960,894,894,5,2,2009,141500,L,49
1969,1054,1054,6,2,2008,151000,L,39
1987,1191,1204,5,2,2006,130000,L,19
1976,803,1964,8,2,2008,205000,L,32
2002,840,1720,7,2,2008,188000,L,6
1941,806,1578,5,1,2006,133000,S,65
2008,1736,1736,7,3,2009,360000,L,1
2007,1120,1120,6,0,2007,147000,S,0
1975,1076,1076,5,2,2008,143195,L,33
2002,914,914,4,0,2006,117250,S,4
1999,941,1644,7,2,2007,185000,L,8
1960,1075,1507,7,1,2008,127000,S,48
1989,1337,1337,5,2,2008,188500,L,19
1920,720,720,4,0,2009,34900,S,89
1968,1437,1473,5,1,2009,143000,S,41
1993,1152,1797,7,2,2010,231000,L,17
1980,845,2353,10,2,2009,260000,L,29
1924,1145,1301,5,2,2009,100000,L,85
1977,923,1008,4,2,2007,153500,L,30
1910,560,1346,6,1,2007,112000,S,97
1977,506,1212,6,2,2006,151000,L,29
1963,1064,1040,5,2,2007,132250,L,44
2008,768,1590,6,2,2009,210000,L,1
1917,689,1224,6,1,2010,107500,S,93
2001,920,1786,6,2,2008,223500,L,7
1976,780,1868,9,2,2009,197500,L,33
1954,988,1626,6,1,2007,154000,S,53
1937,731,1768,7,1,2007,175000,S,70
2006,1504,1531,6,3,2009,300000,L,3
1892,994,2372,11,1,2009,107500,S,117
1998,970,2393,7,2,2008,345000,L,10
2006,1140,1140,6,0,2006,84500,S,0
2003,835,1663,8,2,2008,192500,L,5
2007,1302,1302,6,2,2007,176485,L,0
1992,808,1593,7,2,2009,178000,L,17
1996,913,2122,8,2,2009,220000,L,13
1920,915,1167,6,2,2007,144000,L,87
2005,1220,1220,5,2,2009,180000,L,4
1997,945,1608,7,2,2009,189500,L,12
2005,1094,2482,9,3,2007,281213,L,2
1953,1000,1609,7,1,2006,149900,S,53
2005,1577,1577,6,2,2007,280000,L,2
2006,1511,1565,5,2,2007,193800,L,1
2007,1596,1648,5,2,2008,294464,L,1
1952,864,1064,4,1,2010,135000,S,58
1968,720,1440,7,2,2010,163000,L,42
1978,907,907,5,1,2009,140000,S,31
1997,1478,1493,7,2,2008,208900,L,11
1956,1509,1509,6,1,2008,159900,S,52
2005,1058,1904,8,2,2006,275000,L,1
2006,2036,2640,11,3,2006,405749,L,0
1910,796,796,4,0,2008,85000,S,98
1998,1153,2031,8,2,2008,222500,L,10
1994,1679,1803,6,2,2010,285000,L,16
1972,864,864,5,2,2007,127000,L,35
1966,1182,1643,6,2,2008,195000,L,42
1999,1462,1513,5,2,2009,220000,L,10
1981,0,1882,8,2,2009,160000,L,28
1952,720,882,4,1,2008,116000,S,56
1954,1297,1297,5,2,2009,153000,L,55
1995,1680,1680,7,2,2007,170000,L,12
1956,1196,1196,6,1,2008,139000,S,52
1925,672,1482,7,1,2008,140000,S,83
2000,384,1430,8,2,2007,170000,L,7
1970,1004,1004,5,2,2010,149000,L,40
2006,1234,2576,10,3,2006,361919,L,0
1956,1058,1370,6,1,2006,148000,S,50
1954,994,1855,7,1,2006,136900,S,52
1968,1488,1488,7,2,2007,215000,L,39
1963,912,912,6,1,2009,129000,S,46
1923,602,1502,7,1,2007,165000,S,84
1939,0,845,4,1,2007,68104,S,68
1915,672,1214,6,3,2006,105000,L,91
1920,624,1248,8,0,2006,93500,S,86
2005,784,1585,7,2,2006,184900,L,1
1966,697,2201,8,2,2006,274970,L,40
1983,816,816,4,1,2007,139000,S,24
1950,988,1612,7,1,2010,128500,S,60
2007,1351,1361,6,2,2008,193000,L,1
1955,1078,1150,6,1,2007,144000,S,52
2007,1615,1615,7,3,2008,248500,L,1
1971,715,1645,7,2,2010,171000,L,39
2006,1314,1314,6,2,2007,176432,L,1
1912,780,1560,7,0,2010,159900,S,98
1954,901,901,4,1,2008,107900,S,54
1937,825,1497,5,1,2008,157000,S,71
2005,1100,1964,8,2,2006,252000,L,1
1900,0,1294,7,0,2008,106250,S,108
1968,1113,1160,6,1,2008,152500,S,40
1993,1173,2232,8,2,2009,263550,L,16
1946,904,1499,5,3,2008,140000,L,62
2006,738,1492,8,2,2006,185101,L,0
1925,936,1601,6,0,2007,129850,S,82
1970,630,630,3,1,2009,86000,S,39
1979,1086,1224,6,2,2009,153337,L,30
2004,1422,1422,7,2,2007,179600,L,3
2005,1814,1826,7,3,2006,319000,L,1
1959,1148,1148,6,1,2009,132500,S,50
1973,2223,2223,8,2,2007,244000,L,34
1998,804,1682,7,2,2010,200500,L,12
1890,346,2268,7,2,2010,240000,L,120
2007,1340,1340,6,2,2007,181134,L,0
2006,1573,1625,5,2,2007,235000,L,1
2004,860,1720,7,2,2006,196500,L,2
1998,1141,2263,10,2,2006,258000,L,8
1999,1177,2312,8,3,2009,245000,L,10
1958,1632,1650,6,2,2006,250764,L,48
2005,1368,1368,6,2,2006,202500,L,1
1962,621,1269,7,1,2008,134500,S,46
1958,160,1142,5,1,2009,113500,S,51
2009,1766,1766,7,3,2009,370878,L,0
1940,728,1306,6,0,2010,76500,S,70
2005,1026,1958,9,3,2008,250000,L,3
1974,1084,1877,8,2,2007,178900,L,33
1967,864,864,5,1,2009,130000,S,42
2007,1162,1162,6,2,2008,170000,L,1
1977,1567,1567,5,2,2009,196000,L,32
1979,1001,1299,5,2,2007,183500,L,28
1999,1431,1431,6,2,2009,192000,L,10
1976,1565,2898,10,2,2008,287000,L,32
2001,1055,2263,7,2,2008,287000,L,7
2007,948,2088,10,3,2008,250000,L,1
1913,440,694,4,1,2007,90350,S,94
1991,1104,2127,8,3,2007,238000,L,16
1995,1462,2794,9,3,2009,403000,L,14
1951,900,900,5,2,2010,134800,L,59
1978,1427,1671,7,2,2009,200000,L,31
1966,1127,1165,6,2,2008,174900,L,42
1982,840,860,4,2,2009,137000,L,27
1919,804,2447,10,1,2010,169000,S,91
1948,768,1320,5,2,2008,138000,L,60
1936,672,1324,6,1,2009,128000,S,73
1956,1104,1104,5,1,2008,133000,S,52
1993,777,1911,8,2,2006,215000,L,13
1915,672,1944,8,1,2009,179900,S,94
1954,811,1387,7,1,2009,93000,S,55
1974,901,1876,8,2,2008,185000,L,34
1966,1080,1128,5,1,2010,178000,S,44
1991,1288,2417,9,2,2006,260000,L,15
2005,1721,1721,7,2,2007,232698,L,2
2005,1113,1971,8,2,2009,253000,L,4
1972,483,987,5,1,2006,94500,S,34
1948,672,1285,6,1,2008,127000,S,60
1998,866,1779,6,2,2009,197900,L,11
1925,816,816,4,1,2006,109000,S,81
1962,1116,1116,5,2,2010,160000,L,48
1910,677,1510,7,2,2009,87500,L,99
2003,1650,3279,12,3,2010,538000,L,7
2006,1372,1448,6,2,2009,238500,L,3
2002,1441,1392,6,3,2007,215000,L,5
1999,1490,1501,6,2,2009,204000,L,10
2004,798,1640,6,2,2008,173000,L,4
1985,1488,1502,4,2,2010,212000,L,25
1992,1158,1167,6,2,2009,173000,L,17
1955,1617,1867,7,1,2009,190000,S,54
1972,483,987,5,1,2009,118000,S,37
1959,1188,1188,6,2,2010,142000,L,51
1966,1562,1567,5,2,2009,256000,L,43
1981,1842,1842,5,3,2006,385000,L,25
1987,1200,1200,5,0,2009,179000,S,22
1973,525,1092,6,2,2006,105500,L,33
1977,1069,1069,4,2,2010,127500,L,33
2005,1247,1247,4,2,2006,197000,L,1
1984,833,833,5,2,2010,149900,L,26
2008,2042,2042,8,3,2009,253293,L,1
1916,844,2134,10,2,2009,214500,L,93
1991,836,1709,7,2,2008,185000,L,17
1935,608,1873,9,2,2008,257076,L,73
1963,936,1054,6,2,2010,137500,L,47
1930,768,768,4,2,2008,93850,L,78
2006,1125,1125,5,2,2007,155000,L,1
2010,1856,1856,8,3,2010,394432,L,0
1959,1422,1675,8,1,2010,173000,S,51
1902,1020,1864,9,0,2009,97500,S,107
1949,832,1461,6,1,2009,133500,S,60
1955,0,1152,6,0,2008,82000,S,53
1925,1181,1694,7,2,2008,136500,L,83
1975,1621,1621,7,2,2009,213000,L,34
2000,384,1430,7,2,2010,180000,L,10
1949,0,1382,6,1,2007,110000,S,58
1970,882,882,4,2,2010,126000,L,40
1958,960,960,5,0,2010,90000,S,52
2005,1257,1266,6,2,2006,176000,L,1
1955,1440,1440,8,0,2008,118000,S,53
2007,1184,2610,11,2,2007,303477,L,0
1938,861,1409,6,2,2007,126000,L,69
1930,966,1426,6,1,2007,131750,S,77
2000,1160,2234,7,3,2006,300000,L,6
2007,1373,1555,7,3,2009,174000,L,2
2000,756,1512,5,2,2010,177000,L,10
1978,1032,1032,6,2,2007,148000,L,29
2005,1614,1614,7,3,2007,245700,L,2
1964,816,1977,9,2,2007,165000,L,43
1940,672,672,4,1,2008,108000,S,68
1966,1056,1056,5,1,2006,107000,S,40
2005,1175,1175,6,0,2008,146000,S,3
1935,894,894,6,3,2008,81000,L,73
1992,750,1923,8,2,2010,190000,L,18
2008,1751,1766,8,3,2008,395039,L,0
1958,1442,1442,7,1,2007,157900,S,49
1928,1122,1981,7,2,2009,135000,L,81
2007,728,1456,8,2,2007,179540,L,0
1935,270,729,5,0,2008,52000,S,73
1920,691,691,4,1,2007,86000,S,87
